pickup_borough,year,month,average_trip_duration,average_trip_distance,total_miles,total_trips
Bronx,2012,5,13.733495728777363,3.498505072076882,52421.6,14984
Brooklyn,2012,5,14.66565159034866,3.8507947373349567,1233679.11,320370
EWR,2012,5,7.382218309859155,4.814718309859155,1367.38,284
Manhattan,2012,5,12.145308296838389,2.5199298948742666,31543189.7,12517487
Queens,2012,5,26.59928474995544,9.877734189150742,6631189.66,671327
Staten Island,2012,5,12.915861837692823,3.15556338028169,3136.63,994
Unknown,2012,5,12.849857834612202,2.8849603774069834,1010252.54,350179
