pickup_borough,year,month,average_trip_duration,average_trip_distance,total_miles,total_trips
Bronx,2013,1,12.38253365725276,3.4237878327765965,33823.6,9879
Brooklyn,2013,1,13.114769941389444,3.5929727607033266,1180277.18,328496
EWR,2013,1,7.705661375661376,3.9597777777777776,1247.33,315
Manhattan,2013,1,10.940678019976279,2.394413889437509,32102788.16,13407368
Queens,2013,1,24.335269306171785,10.172271620406539,6900970.79,678410
Staten Island,2013,1,12.096050096339114,3.18264450867052,2202.39,692
Unknown,2013,1,11.695524276185381,2.783881346865042,718135.6,257962
