pickup_borough,year,month,average_trip_duration,average_trip_distance,total_miles,total_trips
Bronx,2015,12,15.111699948796723,3.6012168093043666,32821.49,9114
Brooklyn,2015,12,16.016625441212685,3.4401377404438116,628633.57,182735
EWR,2015,12,14.923582089552237,6.640955223880597,2224.72,335
Manhattan,2015,12,15.539369026996829,4.72165538433626,49030066.13,10384084
Queens,2015,12,35.402785811185794,13.411565378923353,8699814.23,648680
Staten Island,2015,12,19.912912912912915,9.65918918918919,1072.17,111
Unknown,2015,12,16.03199131834345,2.902880392809378,462321.44,159263
