pickup_borough,year,month,average_trip_duration,average_trip_distance,total_miles,total_trips
Bronx,2018,6,28.94693119218376,12.263718428437793,28234.635000000002,4811.0
Brooklyn,2018,6,15.791618708986134,4.075189684974899,155807.75333333333,40306.333333333336
EWR,2018,6,13.674378109452736,6.705074626865672,1347.72,201.0
Manhattan,2018,6,56.338087174411854,2.1744970728028354,1353083.2171428574,560536.0
Queens,2018,6,49.19522649084856,12.167676963172157,1281931.058,111968.2
Staten Island,2018,6,40.15978835978836,13.092857142857143,1649.7,126.0
Unknown,2018,6,16.40176861457687,3.243381169435445,166934.57,58028.5
