pickup_borough,year,month,average_trip_duration,average_trip_distance,total_miles,total_trips
Bronx,2022,8,26.80414792603698,6.995037481259371,23328.45,3335.0
Brooklyn,2022,8,25.04006102515629,20.317312571513856,408398.3,20101.0
EWR,2022,8,5.339724919093851,3.10126213592233,638.86,206.0
Manhattan,2022,8,353.0459034988077,3.184561295506847,2592214.242,548048.2
Queens,2022,8,300.83539402554413,14.350325179265184,1081406.965,73404.75
Staten Island,2022,8,55.43850877192983,15.621,2967.99,190.0
Unknown,2022,8,22.804892216675917,6.51900876317249,293844.32,45075.0
