pickup_borough,year,month,average_trip_duration,average_trip_distance,total_miles,total_trips
Bronx,2015,10,16.568002747496234,3.858009837809093,29019.95,7522.0
Brooklyn,2015,10,16.885079770569238,3.4450467537475298,714743.85,207470.0
EWR,2015,10,3.5804918032786883,6.783672131147541,2069.02,305.0
Manhattan,2015,10,15.465489088245604,3.0455173412764607,33903122.37,11132139.0
Queens,2015,10,36.37206873935602,13.223772593433369,9530029.09,720674.0
Staten Island,2015,10,15.746194225721784,6.515354330708661,827.4499999999999,127.0
Unknown,2015,10,15.722124887690926,48.03385078850117,7876686.919999999,163982.0
