pickup_borough,year,month,average_trip_duration,average_trip_distance,total_miles,total_trips
Bronx,2021,7,21.019105446675482,121.29118191655645,1008529.28,4159.0
Brooklyn,2021,7,20.50880897752677,45.07434009883516,1244591.315,14166.0
EWR,2021,7,13.239460784313724,7.836323529411764,532.87,68.0
Manhattan,2021,7,391.7689664775456,2.747724424443758,1918336.2633333334,419450.5
Queens,2021,7,101.48907399260762,13.040736082414776,1151750.816,40465.6
Staten Island,2021,7,50.975477239353886,26.864273127753304,6098.19,227.0
Unknown,2021,7,12.610102279072128,2.901975914928176,58455.1,8756.666666666666
