pickup_borough,year,month,average_trip_duration,average_trip_distance,total_miles,total_trips
Bronx,2019,8,25.373229085729086,6.511855089355089,67046.06,10296.0
Brooklyn,2019,8,14.712477495550548,3.137920048763927,72527.25250000002,16201.5
EWR,2019,8,5.740464743589744,5.646586538461539,1174.49,208.0
Manhattan,2019,8,134.0681799657787,2.2779494051732376,826850.98625,338017.0
Queens,2019,8,183.18917828908903,11.09850428118999,454912.72,39406.75
Staten Island,2019,8,44.804604409857326,19.16003891050584,4924.13,257.0
Unknown,2019,8,12.847546205973552,2.929822362654452,51865.053333333344,15719.333333333334
