pickup_borough,year,month,average_trip_duration,average_trip_distance,total_miles,total_trips
Bronx,2014,5,13.90709493762692,4.073245213228894,37441.27,9192.0
Brooklyn,2014,5,14.685958606094932,3.673493710567564,1394476.58,379605.0
EWR,2014,5,10.5643470790378,5.99610824742268,2326.49,388.0
Manhattan,2014,5,12.855536354459916,2.5761106639536355,33907165.28,13162154.0
Queens,2014,5,29.72925567629537,10.708886289511383,8431834.38,787368.0
Staten Island,2014,5,16.928641975308643,6.256814814814814,844.67,135.0
Unknown,2014,5,13.496838043992431,2.9615572374645223,1001717.12,338240.0
