pickup_borough,year,month,average_trip_duration,average_trip_distance,total_miles,total_trips
Bronx,2022,2,30.39084935897436,92.45596153846154,288462.6,3120.0
Brooklyn,2022,2,24.572232148003,47.64580370007492,826702.34,17351.0
EWR,2022,2,4.899224806201551,3.0280232558139537,260.41,86.0
Manhattan,2022,2,240.49714423188763,2.47634242618044,1915310.285714286,385525.4285714286
Queens,2022,2,33.16081784313423,18.474892386132698,904366.3333333334,64899.666666666664
Staten Island,2022,2,56.72307692307693,17.95034965034965,2566.9,143.0
Unknown,2022,2,26.727396278104166,11.983319368198018,90288.835,15575.0
