pickup_borough,year,month,average_trip_duration,average_trip_distance,total_miles,total_trips
Bronx,2012,2,12.061631109466846,3.139679368602787,50919.32,16218.0
Brooklyn,2012,2,14.007261112060595,3.676265972312982,1097023.5,298407.0
EWR,2012,2,5.3852150537634405,2.7461290322580645,510.78,186.0
Manhattan,2012,2,11.063295627457231,2.43912401682865,29525188.89,12104833.0
Queens,2012,2,23.207808273215672,9.592400553973992,5236242.06,545874.0
Staten Island,2012,2,11.267748197448697,2.6390571270105383,4758.22,1803.0
Unknown,2012,2,11.800085303688364,2.7722810960619766,894263.03,322573.0
