pickup_borough,year,month,average_trip_duration,average_trip_distance,total_miles,total_trips
Bronx,2017,12,16.94587589315686,3.609720903467127,25091.17,6951.0
Brooklyn,2017,12,63.94159992707837,3.3879615878176064,197914.01,58452.0
EWR,2017,12,5.852275769745649,6.980200803212851,1738.07,249.0
Manhattan,2017,12,168.24189534297028,4.936348113300174,2526297.2087499998,1078267.625
Queens,2017,12,35.02013924148781,14.076090508264112,1183519.508,106306.6
Staten Island,2017,12,15.832333333333333,7.4481,744.8100000000001,100.0
Unknown,2017,12,16.26903795986689,2.768431369024077,461990.29,166878.0
