pickup_borough,year,month,average_trip_duration,average_trip_distance,total_miles,total_trips
Bronx,2023,3,30.243043832370795,8.349282541092848,37588.47,4502.0
Brooklyn,2023,3,26.047934314911927,6.800938382412262,134876.21,19832.0
EWR,2023,3,10.419897959183674,6.212755102040816,608.85,98.0
Manhattan,2023,3,195.58502613234793,4.4655407187229645,1476483.61,497408.1666666667
Queens,2023,3,245.22337753644547,12.698872564445553,588141.4571428571,45009.57142857143
Staten Island,2023,3,36.71524024024024,13.106801801801804,2909.71,222.0
Unknown,2023,3,18.27578682081932,4.356327117149482,133386.38,30619.0
