pickup_borough,year,month,average_trip_duration,average_trip_distance,total_miles,total_trips
Bronx,2019,7,25.560962864131643,6.956692795196799,83424.66,11992.0
Brooklyn,2019,7,20.803649090824102,5.200809213294068,165856.33,35655.5
EWR,2019,7,7.005148342059337,2.6999476439790575,514.74,96.0
Manhattan,2019,7,232.9458278776176,3.1890238344362714,1134786.7691666668,470262.25
Queens,2019,7,168.50903062472855,12.350841694899316,908431.4216666667,78300.0
Staten Island,2019,7,42.56425206124853,18.49303886925795,5233.53,283.0
Unknown,2019,7,13.564939011303622,2.3337555851974954,45449.456666666665,15245.666666666666
