pickup_borough,year,month,average_trip_duration,average_trip_distance,total_miles,total_trips
Bronx,2020,4,17.98781825708963,33.11191264748499,159963.65,4831.0
Brooklyn,2020,4,19.841561804153073,8.468874475687432,41223.80500000001,3219.0
EWR,2020,4,263.26666666666665,6.225,12.45,2.0
Manhattan,2020,4,12.188123947775388,2.8492539222887836,210885.80000000002,69841.33333333333
Queens,2020,4,22.158999815634218,8.318105272861356,38909.104999999996,4523.0
Staten Island,2020,4,66.845987654321,24.619537037037038,2658.91,108.0
Unknown,2020,4,5.569450460205738,1.694807796426638,3111.8500000000004,924.0
