pickup_borough,year,month,average_trip_duration,average_trip_distance,total_miles,total_trips
Bronx,2012,1,11.92332485493999,3.0992377394483746,38991.51,12581.0
Brooklyn,2012,1,13.5190414471101,3.685485818522882,998070.1,270811.0
EWR,2012,1,5.044174757281553,3.0324757281553403,624.69,206.0
Manhattan,2012,1,10.76450163614742,2.415916172994941,28595117.22,11836138.0
Queens,2012,1,23.16626573786022,9.819035744703742,5476125.33,557705.0
Staten Island,2012,1,11.73134295713036,2.9571128608923885,2253.32,762.0
Unknown,2012,1,11.548696180807738,2.773421520683032,859192.12,309795.0
