pickup_borough,year,month,average_trip_duration,average_trip_distance,total_miles,total_trips
Bronx,2015,6,14.926733614819886,3.819469359808285,33470.01,8763.0
Brooklyn,2015,6,15.805741387663142,3.4997473208657284,799454.28,228432.0
EWR,2015,6,3.9951822916666666,6.410546875,1641.1,256.0
Manhattan,2015,6,14.380333136099498,11.422779289943808,127065306.25,11123852.0
Queens,2015,6,34.78802184573195,13.90720515931116,9973552.18,717150.0
Staten Island,2015,6,16.81990291262136,7.209611650485437,742.59,103.0
Unknown,2015,6,14.956763098852305,46.56670241933586,7914663.01,169964.0
