pickup_borough,year,month,average_trip_duration,average_trip_distance,total_miles,total_trips
Bronx,2020,5,19.733716440147163,57.38600656754539,629122.79,10963.0
Brooklyn,2020,5,25.346402589633747,18.963748986916755,298388.43,8637.5
EWR,2020,5,30.708333333333336,14.2325,56.93,4.0
Manhattan,2020,5,110.13923121346994,2.5710100883407363,121349.91222222222,32041.222222222223
Queens,2020,5,22.002668495656152,30.92822496570645,563666.9,18225.0
Staten Island,2020,5,56.5557418699187,24.5094512195122,8039.1,328.0
Unknown,2020,5,13.50290850795832,4.625358983167296,13464.42,2911.0
