pickup_borough,year,month,average_trip_duration,average_trip_distance,total_miles,total_trips
Bronx,2012,10,14.71910074658166,3.74558510192098,44651.12,11921.0
Brooklyn,2012,10,14.945834918564415,3.8078797760747856,1331162.42,349581.0
EWR,2012,10,8.045220588235296,5.475735294117648,1489.4,272.0
Manhattan,2012,10,12.040140160010198,2.52380008859242,32948949.63,13055293.0
Queens,2012,10,27.40337958895916,10.208893292864866,7356130.36,720561.0
Staten Island,2012,10,14.736659736659735,4.067006237006237,1956.23,481.0
Unknown,2012,10,12.828500854116845,2.888262077212163,845394.31,292700.0
