pickup_borough,year,month,average_trip_duration,average_trip_distance,total_miles,total_trips
Bronx,2021,5,28.070249665626392,269.0714944271066,3017636.81,11215.0
Brooklyn,2021,5,27.139590121204225,142.87275022807248,4385050.45,30692.0
EWR,2021,5,3.987606837606837,2.108717948717949,82.24000000000001,39.0
Manhattan,2021,5,162.20849176645996,2.983613736896881,1554909.5199999998,376750.6666666667
Queens,2021,5,26.234401548823403,17.29969934379161,1405390.99,48352.333333333336
Staten Island,2021,5,54.0944658944659,24.536138996138995,6354.86,259.0
Unknown,2021,5,235.31718467988347,5.2096800255809,72470.565,11728.0
