pickup_borough,year,month,average_trip_duration,average_trip_distance,total_miles,total_trips
Bronx,2014,3,12.678672624958624,3.762491559086395,37888.29,10070.0
Brooklyn,2014,3,13.90255512882468,3.6894267365261846,1450571.91,393170.0
EWR,2014,3,9.65,7.602027649769585,1649.64,217.0
Manhattan,2014,3,11.981775820824188,3.5720705365152843,50149709.23,14039395.0
Queens,2014,3,27.74478891664428,10.014638548636606,6486701.71,647722.0
Staten Island,2014,3,12.07963963963964,4.8570810810810805,898.56,185.0
Unknown,2014,3,12.483952713569836,2.849707009194203,693969.2,243523.0
