pickup_borough,year,month,average_trip_duration,average_trip_distance,total_miles,total_trips
Bronx,2015,1,17.107687331337104,3.7057336142841297,33414.6,9017.0
Brooklyn,2015,1,14.497602899099649,10.562269366111892,2398258.32,227059.0
EWR,2015,1,5.38279132791328,6.214065040650407,1528.66,246.0
Manhattan,2015,1,12.516261867534933,12.77954902798346,147883292.79,11571871.0
Queens,2015,1,28.365084204714908,26.02238054472595,16292950.75,626113.0
Staten Island,2015,1,21.357911392405065,9.08493670886076,1435.42,158.0
Unknown,2015,1,61.72928892447567,2.7475633243792403,638247.97,232296.0
