pickup_borough,year,month,average_trip_duration,average_trip_distance,total_miles,total_trips
Bronx,2017,11,18.12005217194057,3.5938992854712484,21124.94,5878.0
Brooklyn,2017,11,12.29707519896491,2.397159021427336,119074.82666666666,35334.333333333336
EWR,2017,11,6.666014492753623,7.355608695652173,1691.79,230.0
Manhattan,2017,11,34.85277322396623,3.5259920315657154,3286021.215,1400542.6666666667
Queens,2017,11,191.74033535267307,9.463210586302802,1593596.715,140139.0
Staten Island,2017,11,18.043333333333333,6.3765217391304345,733.3,115.0
Unknown,2017,11,10.227097678989429,1.901719226648286,205395.82,73266.0
