pickup_borough,year,month,average_trip_duration,average_trip_distance,total_miles,total_trips
Bronx,2015,7,15.270773610447524,3.926321070234114,32871.16,8372.0
Brooklyn,2015,7,15.579035318480647,20.004593929125235,4037907.28,201849.0
EWR,2015,7,5.734535256410256,6.356634615384616,1322.18,208.0
Manhattan,2015,7,13.899542792023643,6.611799768452052,69079713.72,10447944.0
Queens,2015,7,32.54459026668474,15.340221233591317,10409935.49,678604.0
Staten Island,2015,7,32.73724489795919,8.645102040816326,847.22,98.0
Unknown,2015,7,21.551481525581067,5.246336448969061,793104.4199999999,151173.0
