pickup_borough,year,month,average_trip_duration,average_trip_distance,total_miles,total_trips
Bronx,2012,7,12.753497486835808,3.4107353997127814,57000.21,16712.0
Brooklyn,2012,7,14.165682087891142,3.898198397619179,1267951.4,325266.0
EWR,2012,7,5.566666666666666,4.116578947368422,938.58,228.0
Manhattan,2012,7,11.528407260176532,2.5112516341236266,32298799.4,12861634.0
Queens,2012,7,25.2327186317057,9.854370613846536,6991449.3,709477.0
Staten Island,2012,7,13.090774007540476,3.1685828343313376,4762.38,1503.0
Unknown,2012,7,12.281039968641446,2.847102820918319,1053186.04,369915.0
