pickup_borough,year,month,average_trip_duration,average_trip_distance,total_miles,total_trips
Bronx,2021,8,22.18743182944968,123.8236384481904,982996.12,4034.5
Brooklyn,2021,8,321.08368923700186,44.84994088540776,941599.9833333334,9746.666666666666
EWR,2021,8,7.590437158469945,3.955737704918033,241.3,61.0
Manhattan,2021,8,210.27583218816284,2.591119938563635,1657518.914285714,352113.14285714284
Queens,2021,8,43.220222029020874,14.520043241511852,956805.002,43719.2
Staten Island,2021,8,52.01908881199539,29.60117647058824,8554.74,289.0
Unknown,2021,8,28.423486173883465,6.758292025076542,185420.5,27436.0
