pickup_borough,year,month,average_trip_duration,average_trip_distance,total_miles,total_trips
Bronx,2021,9,33.05696211283186,318.42031526548675,2302815.72,7232.0
Brooklyn,2021,9,461.91416091672215,49.78303369409128,1403654.395,14276.0
EWR,2021,9,7.653777777777777,5.434666666666667,407.6,75.0
Manhattan,2021,9,123.21108243895743,3.034279802483054,1771953.4383333332,437898.1666666667
Queens,2021,9,141.99274631466037,11.473289565022572,709218.064,42172.2
Staten Island,2021,9,52.16870428422152,27.438871473354236,8753.0,319.0
Unknown,2021,9,30.670493564572425,6.600520615183246,201711.91,30560.0
