pickup_borough,year,month,average_trip_duration,average_trip_distance,total_miles,total_trips
Bronx,2013,10,14.145313924186372,4.113767090236449,25575.29,6217.0
Brooklyn,2013,10,14.464697998821183,3.706424074022098,1584674.2,427548.0
EWR,2013,10,8.182348804500704,6.81957805907173,1616.24,237.0
Manhattan,2013,10,12.294908882796468,2.5188893494682003,34180993.46,13569867.0
Queens,2013,10,28.15590199131904,10.602001285577018,7999475.02,754525.0
Staten Island,2013,10,13.986827956989249,4.977258064516128,617.18,124.0
Unknown,2013,10,13.034048070883207,2.936981314860525,442626.58,150708.0
