pickup_borough,year,month,average_trip_duration,average_trip_distance,total_miles,total_trips
Bronx,2018,1,18.55358766801579,3.622783690601109,24167.59,6671.0
Brooklyn,2018,1,113.49580995060573,2.724113419485569,109292.87,32830.666666666664
EWR,2018,1,5.591117216117216,6.965494505494505,1267.72,182.0
Manhattan,2018,1,111.25788651138967,2.9280779916810173,2223511.9850000003,991970.875
Queens,2018,1,132.9513816673117,17.22431907494229,1003083.585,85843.83333333333
Staten Island,2018,1,15.384234234234237,4.621171171171172,512.95,111.0
Unknown,2018,1,485.99278748146264,1.7979172435113375,201311.825,74399.5
