pickup_borough,year,month,average_trip_duration,average_trip_distance,total_miles,total_trips
Bronx,2019,12,25.146387335377952,6.789870106440556,75272.5,11086.0
Brooklyn,2019,12,17.932823974082073,4.102403752699784,163155.97,37040.5
EWR,2019,12,7.278073286052009,4.523758865248227,1275.7,282.0
Manhattan,2019,12,129.5721772844434,3.0064519026636907,1140614.2838461539,479504.3076923077
Queens,2019,12,230.04775929416766,13.977726811193929,648260.1562500001,56974.25
Staten Island,2019,12,44.59922178988327,18.242645914396885,4688.36,257.0
Unknown,2019,12,579.4983286306078,5.592983153177451,76302.215,24100.0
