pickup_borough,year,month,average_trip_duration,average_trip_distance,total_miles,total_trips
Bronx,2015,11,15.98887454271573,3.718028405422853,28796.13,7745.0
Brooklyn,2015,11,19.04399739856039,5.450817800019841,988985.48,181438.0
EWR,2015,11,4.048464912280702,6.596381578947368,2005.3,304.0
Manhattan,2015,11,15.674955714973386,5.925182617267579,60551846.79,10219406.0
Queens,2015,11,34.496838093462145,38.9513740059672,25901417.27,664968.0
Staten Island,2015,11,47.00524691358024,9.611203703703705,1038.01,108.0
Unknown,2015,11,21.88027389676151,97.03365608320787,15598548.35,160754.0
