pickup_borough,year,month,average_trip_duration,average_trip_distance,total_miles,total_trips
Bronx,2022,9,29.816119746689694,46.52012953367876,161610.93,3474.0
Brooklyn,2022,9,20.844121728501584,33.252,738214.8650000001,11590.5
EWR,2022,9,5.730195258019526,2.762133891213389,660.15,239.0
Manhattan,2022,9,19.82223371368497,3.6892621217468204,4106283.6225,692489.25
Queens,2022,9,243.61801357942676,14.448807283667168,852987.1059999999,58105.4
Staten Island,2022,9,56.44905008635578,14.137098445595855,2728.46,193.0
Unknown,2022,9,23.92563464466717,6.211972682439035,273333.01,44001.0
