pickup_borough,year,month,average_trip_duration,average_trip_distance,total_miles,total_trips
Bronx,2014,1,12.94917821954835,3.722600052314936,28463.0,7646.0
Brooklyn,2014,1,13.270670637482436,3.510653256643424,1201805.44,342331.0
EWR,2014,1,9.24563492063492,5.965095238095239,1252.67,210.0
Manhattan,2014,1,11.6766685932264,2.410780439351336,30224021.87,12537028.0
Queens,2014,1,27.592025183768406,10.181379078366716,6462335.11,634721.0
Staten Island,2014,1,14.44331550802139,4.789679144385026,895.67,187.0
Unknown,2014,1,29.08340742503293,2.7778181058447324,478643.06,172309.0
