pickup_borough,year,month,average_trip_duration,average_trip_distance,total_miles,total_trips
Bronx,2012,12,12.925214218669572,3.463733309110727,38132.24,11009.0
Brooklyn,2012,12,13.523763135733365,3.6966983693764055,1330075.77,359801.0
EWR,2012,12,7.000375375375375,5.408243243243243,1200.63,222.0
Manhattan,2012,12,11.873396304510818,2.479897504015085,32884971.0,13260617.0
Queens,2012,12,26.45981359389308,9.945280284111226,6925366.09,696347.0
Staten Island,2012,12,13.67601824698599,3.1814565004887587,3254.63,1023.0
Unknown,2012,12,12.463572655213012,2.8329145325424263,755532.64,266698.0
