pickup_borough,year,month,average_trip_duration,average_trip_distance,total_miles,total_trips
Bronx,2021,2,24.17581210235713,49.08807533843437,583804.48,11893.0
Brooklyn,2021,2,26.215863691374643,23.88384163505079,585464.61,24513.0
EWR,2021,2,6.3125,9.88875,79.11,8.0
Manhattan,2021,2,19.778055173658128,2.1539246372308614,702838.044,247000.8
Queens,2021,2,16.572081159652672,7.917955470803484,350495.0966666667,19403.666666666668
Staten Island,2021,2,49.00885744234801,27.03490566037736,8597.1,318.0
Unknown,2021,2,30.7170388270321,5.722100208001957,93533.45,16346.0
