pickup_borough,year,month,average_trip_duration,average_trip_distance,total_miles,total_trips
Bronx,2020,3,23.632218417512533,6.650780237250825,54383.43,8177.0
Brooklyn,2020,3,17.04728938680231,10.549594684147367,335333.36,18614.0
EWR,2020,3,6.932608695652173,4.465434782608695,410.82,92.0
Manhattan,2020,3,127.1075573178784,2.597729801171979,664069.1759999999,273670.5
Queens,2020,3,185.2056183128629,8.807866313380362,486336.9875,43805.75
Staten Island,2020,3,46.70790476190477,20.96502857142857,3668.88,175.0
Unknown,2020,3,15.472086496746204,3.2568253796095443,29447.12,9220.5
