pickup_borough,year,month,average_trip_duration,average_trip_distance,total_miles,total_trips
Bronx,2018,3,21.415464859645493,4.620035174839645,44657.26,9666.0
Brooklyn,2018,3,15.969939746217737,5.0613470390887105,84177.33200000001,24171.2
EWR,2018,3,8.879032258064516,7.720215053763441,1435.96,186.0
Manhattan,2018,3,76.09299499277567,2.608289581066267,944744.0252380951,406502.5238095238
Queens,2018,3,183.09566821616812,12.7240767492773,785543.4724999999,68885.5
Staten Island,2018,3,17.832371794871793,7.649711538461539,795.57,104.0
Unknown,2018,3,105.29476081457936,2.150422925926414,141349.55666666667,50550.666666666664
