pickup_borough,year,month,average_trip_duration,average_trip_distance,total_miles,total_trips
Bronx,2021,11,34.144603174603176,494.7702275132275,2805347.19,5670.0
Brooklyn,2021,11,22.52131824494694,61.21944156789774,1442953.8150000002,12361.0
EWR,2021,11,16.48948717948718,2.214769230769231,287.92,130.0
Manhattan,2021,11,160.16527633570692,3.5469909193005846,1561511.566666667,346282.8888888889
Queens,2021,11,429.47237042582674,12.059682591074075,1099164.668,51027.6
Staten Island,2021,11,50.31326291079812,592.1404577464788,168167.88999999998,284.0
Unknown,2021,11,25.458786082757104,6.010213128984943,200783.19,33407.0
