pickup_borough,year,month,average_trip_duration,average_trip_distance,total_miles,total_trips
Bronx,2019,1,22.891567096671853,7.094385216910394,43548.48666666667,5760.666666666667
Brooklyn,2019,1,327.6688417828051,5.064973636458287,219947.755,44826.5
EWR,2019,1,21.8880174291939,7.698888888888889,1177.93,153.0
Manhattan,2019,1,76.48036587562873,2.49567086166897,1191605.1076923078,532430.3076923077
Queens,2019,1,181.8272529859036,11.682621520809395,1063148.36,91662.2
Staten Island,2019,1,37.19939024390244,13.76158536585366,4513.8,328.0
Unknown,2019,1,10.102601152624073,1.645262298919334,199203.92,76897.5
