pickup_borough,year,month,average_trip_duration,average_trip_distance,total_miles,total_trips
Bronx,2020,1,15.568519534988457,3.765470359736531,42281.705,5921.5
Brooklyn,2020,1,705.3524625499674,4.756947886074401,256075.225,32688.5
EWR,2020,1,9.595071684587817,3.656129032258064,680.04,186.0
Manhattan,2020,1,91.69324179816702,2.2603324805752987,1217361.3890909092,527935.3636363636
Queens,2020,1,198.1955959664156,16.34994806825326,932803.9999999998,81763.2
Staten Island,2020,1,50.027760416666666,18.74775,5999.28,320.0
Unknown,2020,1,7.9693368479694575,1.5697096124069112,63663.344999999994,20344.0
