pickup_borough,year,month,average_trip_duration,average_trip_distance,total_miles,total_trips
Bronx,2019,2,27.48116524847496,7.740815363095932,132816.91,17158.0
Brooklyn,2019,2,100.36709744402586,3.4903162054477748,90303.504,18423.8
EWR,2019,2,4.870964360587002,4.091320754716981,650.52,159.0
Manhattan,2019,2,103.89141165475772,2.618911865194104,1349107.9790909088,581509.5454545454
Queens,2019,2,160.17600924172845,13.235821123170917,549831.6099999999,47423.666666666664
Staten Island,2019,2,40.564838035527686,15.472789968652036,4935.82,319.0
Unknown,2019,2,14.666634250079465,3.0003021175473386,92845.69,33034.0
