pickup_borough,year,month,average_trip_duration,average_trip_distance,total_miles,total_trips
Bronx,2013,7,13.920568372276447,4.261194912747708,28814.2,6762.0
Brooklyn,2013,7,13.781859798558266,3.729184874043208,1338822.12,359012.0
EWR,2013,7,10.925966850828727,6.513370165745857,1178.92,181.0
Manhattan,2013,7,11.774149812249952,2.4878056009545904,31063220.88,12486193.0
Queens,2013,7,26.551674082589454,10.33606888215254,7156993.84,692429.0
Staten Island,2013,7,18.32765432098765,4.8948888888888895,660.8100000000001,135.0
Unknown,2013,7,12.659796867715,2.9002058873394647,547396.46,188744.0
