pickup_borough,year,month,average_trip_duration,average_trip_distance,total_miles,total_trips
Bronx,2018,5,24.388198233307357,5.765217264224474,59174.19,10264.0
Brooklyn,2018,5,11.988644750181649,2.915775864925769,155403.07,40236.333333333336
EWR,2018,5,6.487430555555556,5.361875,1286.85,240.0
Manhattan,2018,5,69.92529860489917,2.7593488179518446,3342783.5533333328,1386409.5
Queens,2018,5,68.26826717515415,13.729298821731032,1373131.906,119457.6
Staten Island,2018,5,45.57875,10.621416666666669,1274.57,120.0
Unknown,2018,5,14.291947502893763,3.0547953332768696,174130.66499999998,59035.5
