pickup_borough,year,month,average_trip_duration,average_trip_distance,total_miles,total_trips
Bronx,2022,1,25.06603158256093,85.82890147614144,250019.59,2913.0
Brooklyn,2022,1,22.922097864967583,35.76798960429242,426640.58,11928.0
EWR,2022,1,5.495238095238095,5.625194805194805,433.14,77.0
Manhattan,2022,1,141.2500168361698,2.7743488877513616,1200640.75375,276228.625
Queens,2022,1,333.973341903737,12.052423497822852,697971.58,45531.0
Staten Island,2022,1,51.438187702265374,17.81631067961165,1835.08,103.0
Unknown,2022,1,21.05429545367498,5.880847600444291,153543.05,26109.0
