pickup_borough,year,month,average_trip_duration,average_trip_distance,total_miles,total_trips
Bronx,2015,3,14.577793140843164,3.4777950386335905,42759.49,12295.0
Brooklyn,2015,3,15.89510589928125,4.984624346858583,1415693.13,284012.0
EWR,2015,3,4.770141342756184,7.024028268551237,1987.8,283.0
Manhattan,2015,3,14.166016959549545,17.278029545168405,207634590.61,12017261.0
Queens,2015,3,33.72386945176328,31.71361484089988,22532396.49,710496.0
Staten Island,2015,3,20.91468253968254,5.957142857142857,1501.2,252.0
Unknown,2015,3,28.523867278233517,2.873482612768138,684110.12,238077.0
