pickup_borough,year,month,average_trip_duration,average_trip_distance,total_miles,total_trips
Bronx,2019,4,20.622027024165025,4.580561344431032,58558.775,7870.0
Brooklyn,2019,4,12.548899529073319,4.738925584775495,149446.46333333332,31955.0
EWR,2019,4,4.659799713876967,5.2167811158798285,1215.51,233.0
Manhattan,2019,4,183.5806262523943,2.0654062272225917,2014735.1862499998,843017.375
Queens,2019,4,212.6353265686775,12.393281507117875,833765.9357142857,71758.28571428571
Staten Island,2019,4,34.21131386861314,15.254890510948906,4179.84,274.0
Unknown,2019,4,16.16161620366866,4.739718643554614,100057.96500000001,33028.0
