pickup_borough,year,month,average_trip_duration,average_trip_distance,total_miles,total_trips
Bronx,2017,10,17.78540397201535,3.888297224102912,22972.06,5908.0
Brooklyn,2017,10,14.296431588526898,3.540446370461499,139133.33000000002,40104.0
EWR,2017,10,14.083559577677224,6.669140271493213,1473.88,221.0
Manhattan,2017,10,231.95823694070432,2.787793131680608,1759587.3116666668,736567.3333333334
Queens,2017,10,173.22849948655835,12.063075188065904,1170591.8066666666,101551.5
Staten Island,2017,10,13.962289562289564,6.313939393939394,625.08,99.0
Unknown,2017,10,12.218088678354931,2.035677027426456,185860.31,64282.0
