pickup_borough,year,month,average_trip_duration,average_trip_distance,total_miles,total_trips
Bronx,2019,5,28.150966861022955,7.040712229684847,95394.61,13549.0
Brooklyn,2019,5,16.77558320287899,3.6797282914979754,83683.806,18526.8
EWR,2019,5,6.159787234042553,5.498425531914893,1292.13,235.0
Manhattan,2019,5,170.95600314754444,2.1348981927779156,1268529.616153846,526541.0
Queens,2019,5,254.50641477423898,10.881026587230432,870713.5271428572,75463.28571428571
Staten Island,2019,5,39.49227777777778,15.350466666666668,4605.14,300.0
Unknown,2019,5,14.059467054892291,2.482998556319751,88959.015,30824.5
