pickup_borough,year,month,average_trip_duration,average_trip_distance,total_miles,total_trips
Bronx,2014,4,13.621799529814064,3.936599700790767,36838.7,9358
Brooklyn,2014,4,14.059365016490283,3.6213589772293453,1261634.39,348387
EWR,2014,4,10.246328671328671,6.768286713286713,1935.73,286
Manhattan,2014,4,12.355143336890709,2.520749444705776,33299387.53,13210114
Queens,2014,4,27.529119538406032,10.418355114331808,7064832.46,678114
Staten Island,2014,4,15.307070707070707,5.703409090909091,752.85,132
Unknown,2014,4,12.989482053027459,2.8719168973708493,818487.7,284997
