pickup_borough,year,month,average_trip_duration,average_trip_distance,total_miles,total_trips
Bronx,2012,8,12.86967382328654,3.416276394951044,57919.55,16954
Brooklyn,2012,8,14.361246551512775,3.9003200824293556,1283240.41,329009
EWR,2012,8,5.403770491803279,3.960622950819672,1207.99,305
Manhattan,2012,8,11.551417426146529,2.546293026382294,32584697.97,12796916
Queens,2012,8,25.624815348509657,9.901062382645252,7413895.71,748798
Staten Island,2012,8,14.163543349488423,3.9109369951534734,2420.87,619
Unknown,2012,8,12.215887805687746,2.8678510264742574,1117274.61,389586
