pickup_borough,year,month,average_trip_duration,average_trip_distance,total_miles,total_trips
Bronx,2014,11,14.415370667277447,3.5361818598259274,30877.94,8732
Brooklyn,2014,11,15.88634312942536,26.777088234576123,7678249.72,286747
EWR,2014,11,4.521844660194175,6.017831715210356,1859.51,309
Manhattan,2014,11,14.278778520656065,15.347460503148229,184667980.85999998,12032478
Queens,2014,11,31.92659281655504,32.20630271892603,21783376.97,676370
Staten Island,2014,11,17.388938053097345,7.203805309734513,814.03,113
Unknown,2014,11,14.262734455716828,2.8801358147748632,632797.52,219711
