pickup_borough,year,month,average_trip_duration,average_trip_distance,total_miles,total_trips
Bronx,2013,4,13.853847621470363,4.000393029763419,31451.09,7862
Brooklyn,2013,4,13.959359302831274,3.6697308560030932,1319169.16,359473
EWR,2013,4,5.790186125211506,5.256598984771573,1035.55,197
Manhattan,2013,4,11.71971479603665,2.4727440641479768,32723434.43,13233652
Queens,2013,4,26.852274234745824,10.426871229003147,7168307.14,687484
Staten Island,2013,4,13.491734786557673,3.5526975476839233,1303.84,367
Unknown,2013,4,12.630887019499994,2.831524326252608,682615.39,241077
