pickup_borough,year,month,average_trip_duration,average_trip_distance,total_miles,total_trips
Bronx,2012,4,13.015939230075963,3.5547825415218233,46016.66,12945
Brooklyn,2012,4,14.222626662868292,3.8176490106958796,1179287.05,308904
EWR,2012,4,5.470958751393534,3.8444147157190636,1149.48,299
Manhattan,2012,4,11.591667300473691,2.503068839048509,30277661.34,12096216
Queens,2012,4,25.217049780599737,9.905885824811682,6068890.48,612655
Staten Island,2012,4,13.268579234972677,3.26172131147541,1989.65,610
Unknown,2012,4,12.40260236888802,2.851585843079063,889743.26,312017
