pickup_borough,year,month,average_trip_duration,average_trip_distance,total_miles,total_trips
Bronx,2012,3,12.517889234246962,3.30423905057926,58468.51,17695
Brooklyn,2012,3,14.31826051976106,3.7473096083055966,1360033.56,362936
EWR,2012,3,6.7661918328585,2.9988319088319084,1052.59,351
Manhattan,2012,3,11.369681130528408,2.4918106740560324,36258339.61,14551001
Queens,2012,3,24.310751692705477,9.874107358064729,7209994.2,730192
Staten Island,2012,3,12.333132126089874,3.014211938296445,4494.19,1491
Unknown,2012,3,12.137726451377748,2.8521153915586526,1105930.56,387758
