pickup_borough,year,month,average_trip_duration,average_trip_distance,total_miles,total_trips
Bronx,2015,8,13.973103713603043,3.7182687401287815,30605.07,8231.0
Brooklyn,2015,8,15.25310585404972,48.09782181234964,8996697.57,187050.0
EWR,2015,8,5.369047619047619,7.063277310924369,1681.06,238.0
Manhattan,2015,8,13.586887723445122,5.687201762444669,57008686.77,10024031.0
Queens,2015,8,31.744266465391927,30.09509483915372,20813526.83,691592.0
Staten Island,2015,8,20.22308743169399,9.321147540983606,1137.18,122.0
Unknown,2015,8,14.03993503780758,2.999114132932281,430738.77,143622.0
