pickup_borough,year,month,average_trip_duration,average_trip_distance,total_miles,total_trips
Bronx,2021,3,24.90656948368867,30.7023728487028,478097.35,15572.0
Brooklyn,2021,3,14.93263274006499,13.007093432310766,427072.885,16772.0
EWR,2021,3,6.091666666666666,6.452777777777778,116.15,18.0
Manhattan,2021,3,279.4227548180018,2.1563908592177796,779816.3249999998,289516.0
Queens,2021,3,37.34148464740488,21.59953515967006,1133194.415,43402.5
Staten Island,2021,3,47.97635542168675,25.716355421686742,8537.83,332.0
Unknown,2021,3,27.25719675078662,5.632468214216914,116952.57,20764.0
