pickup_borough,year,month,average_trip_duration,average_trip_distance,total_miles,total_trips
Bronx,2017,6,17.48162631905649,3.739255121042831,28111.72,7518.0
Brooklyn,2017,6,16.95389584876855,3.425785545901529,508626.38,148470.0
EWR,2017,6,6.505123216601816,6.874007782101167,1766.62,257.0
Manhattan,2017,6,15.439381119828129,2.4225757079834924,21109064.98,8713480.0
Queens,2017,6,39.287517734800325,11.338239033361372,6726194.88,593231.0
Staten Island,2017,6,17.374742268041235,6.812680412371135,660.83,97.0
Unknown,2017,6,16.74063070389446,2.9972773883747044,386993.47,129115.0
