pickup_borough,year,month,average_trip_duration,average_trip_distance,total_miles,total_trips
Bronx,2018,7,23.40575771804202,5.763709355558164,49101.04,8519.0
Brooklyn,2018,7,44.14199555673609,1.8854282337890433,90716.14,23062.25
EWR,2018,7,6.979951690821256,6.0545893719806765,1253.3,207.0
Manhattan,2018,7,65.61386617122132,2.941875108833947,1401989.6500000001,588603.6666666666
Queens,2018,7,186.90060364587606,13.956699088011554,546264.7718181818,47560.72727272727
Staten Island,2018,7,42.042142857142856,12.483642857142858,1747.71,140.0
Unknown,2018,7,15.127060139936082,3.522026831425114,88045.0,26858.5
