pickup_borough,year,month,average_trip_duration,average_trip_distance,total_miles,total_trips
Bronx,2014,7,13.453810478324096,4.081218016743308,34612.81,8481.0
Brooklyn,2014,7,14.43679129003412,3.685436153307247,1078413.9,292615.0
EWR,2014,7,11.0506038647343,8.386884057971015,2314.78,276.0
Manhattan,2014,7,12.198696163583092,2.5371148666990986,29617332.61,11673627.0
Queens,2014,7,27.9946693352731,10.7309639866247,7538384.16,702489.0
Staten Island,2014,7,16.442434210526315,6.779999999999999,1030.56,152.0
Unknown,2014,7,12.678124515447893,2.870896859657908,968959.27,337511.0
