pickup_borough,year,month,average_trip_duration,average_trip_distance,total_miles,total_trips
Bronx,2022,6,29.072162670427836,6.477430183356841,22962.49,3545.0
Brooklyn,2022,6,688148.2163636669,22.414303217852922,504290.0366666666,8834.666666666666
EWR,2022,6,3.010551558752997,1.7550719424460433,479.59999999999997,139.5
Manhattan,2022,6,394011.73951842217,4.498083780811515,1919117.925,392335.5
Queens,2022,6,1130579.4376114998,12.525167466474803,677340.9916666666,49122.666666666664
Staten Island,2022,6,57.16521367521368,15.780974358974358,3077.29,195.0
Unknown,2022,6,1505305.8680911635,5.748355753003078,90359.54333333332,13436.333333333334
