pickup_borough,year,month,average_trip_duration,average_trip_distance,total_miles,total_trips
Bronx,2018,9,17.753729078679804,4.258822618488972,35682.615000000005,5328.0
Brooklyn,2018,9,28.814720520497467,5.094908912943344,112890.39250000002,27139.5
EWR,2018,9,15.526287878787878,7.050045454545455,1551.01,220.0
Manhattan,2018,9,167.5223338405161,2.723152859375505,1334360.6869230769,557545.9230769231
Queens,2018,9,147.81391228702213,11.051831948990191,760550.26125,65303.0
Staten Island,2018,9,35.50184426229509,14.015491803278689,3419.78,244.0
Unknown,2018,9,9.190237540513051,1.8298546494311074,96008.07333333332,33575.0
