pickup_borough,year,month,average_trip_duration,average_trip_distance,total_miles,total_trips
Bronx,2022,11,30.90386526111717,11.500905125408943,31638.99,2751.0
Brooklyn,2022,11,25.89205868255273,57.249639995891535,1114764.99,19472.0
EWR,2022,11,4.560598290598291,2.4428205128205125,476.35,195.0
Manhattan,2022,11,244.8098970801625,2.870327747668278,3049305.586,567029.0
Queens,2022,11,399.95901702627714,11.556617512452254,752918.5220000001,56949.4
Staten Island,2022,11,46.3695810564663,11.840218579234971,2166.76,183.0
Unknown,2022,11,25.498183620901138,7.33232705045384,237603.48500000002,24458.5
