pickup_borough,year,month,average_trip_duration,average_trip_distance,total_miles,total_trips
Bronx,2019,10,27.86311913032291,7.134218448475491,73939.04,10364.0
Brooklyn,2019,10,115.6055624375877,8.40114191452516,70664.858,15823.0
EWR,2019,10,5.624291497975709,5.553198380566802,1371.64,247.0
Manhattan,2019,10,103.37338595626106,2.782380901726706,1941842.58375,814608.5
Queens,2019,10,166.41989025345572,11.581159798507848,938772.5983333335,81174.83333333333
Staten Island,2019,10,47.049179292929296,19.33534090909091,5104.53,264.0
Unknown,2019,10,18.169804981643757,3.227687716054345,160596.83,49756.0
