pickup_borough,year,month,average_trip_duration,average_trip_distance,total_miles,total_trips
Bronx,2016,12,17.061756636811104,3.664168482207698,30273.36,8262.0
Brooklyn,2016,12,16.104841251267647,3.3829716826585536,505940.33,149555.0
EWR,2016,12,5.741481481481482,6.407492063492064,2018.36,315.0
Manhattan,2016,12,15.586311091757306,2.424677332941106,23012852.61,9491099.0
Queens,2016,12,36.11570350906467,11.160363613693,6086404.74,545359.0
Staten Island,2016,12,17.1960407239819,4.330135746606335,1913.92,442.0
Unknown,2016,12,15.796352235861386,2.892066600429473,541412.22,187206.0
