pickup_borough,year,month,average_trip_duration,average_trip_distance,total_miles,total_trips
Bronx,2019,9,17.79339355206656,3.97212711352657,32860.28,4968.5
Brooklyn,2019,9,120.52429093410997,3.800351460214824,81993.6675,18714.0
EWR,2019,9,10.607710280373832,5.0421495327102805,1079.02,214.0
Manhattan,2019,9,71.61894604819359,2.2398713834250286,1191482.0333333334,491512.4166666667
Queens,2019,9,215.07810714399048,11.16825014235112,902937.7433333335,77327.16666666667
Staten Island,2019,9,58.46559370529328,19.820815450643774,4618.25,233.0
Unknown,2019,9,326.50497104685144,1.8647072237651798,53116.72333333333,16323.333333333334
