pickup_borough,year,month,average_trip_duration,average_trip_distance,total_miles,total_trips
Bronx,2022,3,30.759981605189274,33.9605808887598,116926.28,3443.0
Brooklyn,2022,3,16.242468110489128,37.290620354225936,803013.8949999999,10897.5
EWR,2022,3,3.4569958847736624,2.4625925925925927,398.94,162.0
Manhattan,2022,3,132.54009610239189,3.038016569919049,2481148.5450000004,539492.1666666666
Queens,2022,3,129.74794867179227,13.035661362232858,803102.9739999999,56031.0
Staten Island,2022,3,54.82276688453159,15.282614379084968,2338.24,153.0
Unknown,2022,3,14.404859420335978,3.667988454989577,130975.75,20948.5
