pickup_borough,year,month,average_trip_duration,average_trip_distance,total_miles,total_trips
Bronx,2021,10,32.67015899122807,428.4196085526316,2604791.22,6080.0
Brooklyn,2021,10,529.0812966979995,26.82249604764881,666627.0299999999,9067.0
EWR,2021,10,5.937166666666667,2.8813,288.13,100.0
Manhattan,2021,10,220.30771265232673,3.783646827360362,2406107.54,519852.8333333333
Queens,2021,10,222.88030627020026,14.267091714079559,1072487.184,46417.0
Staten Island,2021,10,56.631328751431845,29.679862542955327,8636.84,291.0
Unknown,2021,10,376.5348194563072,3.787735840720997,106196.675,16977.0
