pickup_borough,year,month,average_trip_duration,average_trip_distance,total_miles,total_trips
Bronx,2016,8,16.43743093312116,3.987194006099987,30067.43,7541.0
Brooklyn,2016,8,16.69187830532824,3.5152521109613746,539953.27,153603.0
EWR,2016,8,7.188748241912798,5.038185654008439,1194.05,237.0
Manhattan,2016,8,15.19547046420106,3.3931899239878964,30461083.31,8977123.0
Queens,2016,8,35.52844873070429,11.308797986225969,7001683.95,619136.0
Staten Island,2016,8,13.793221288515406,3.3088571428571427,1968.77,595.0
Unknown,2016,8,16.296377454459428,9.820909332860184,1217714.19,123992.0
