pickup_borough,year,month,average_trip_duration,average_trip_distance,total_miles,total_trips
Bronx,2020,8,22.508312108670275,35.839854345749764,450291.93,12564.0
Brooklyn,2020,8,17.98253361670822,17.75260044141088,395207.27499999997,12234.0
EWR,2020,8,13.937254901960785,6.314117647058824,107.34,17.0
Manhattan,2020,8,279.2271051827168,3.372089542683068,1251086.2400000002,440350.0
Queens,2020,8,27.534838667181365,14.624578592305287,315783.7,27201.0
Staten Island,2020,8,49.99145077720208,28.37658031088083,5476.68,193.0
Unknown,2020,8,14.67535690332471,4.032433170451279,28057.67,6958.0
