pickup_borough,year,month,average_trip_duration,average_trip_distance,total_miles,total_trips
Bronx,2019,3,30.299900988394118,7.681659778902779,148701.57,19358.0
Brooklyn,2019,3,310.91927568370033,6.167887719428741,129918.13,26889.75
EWR,2019,3,5.474063670411985,5.355112359550562,953.21,178.0
Manhattan,2019,3,127.78646776261016,2.2054402230260406,1693139.0380000002,711360.4
Queens,2019,3,345.37807091146834,12.861011826921612,1005649.7733333333,87132.66666666667
Staten Island,2019,3,36.76221322537112,15.45417004048583,3817.18,247.0
Unknown,2019,3,8.535106528644977,1.6047571270128165,71316.235,24344.5
