pickup_borough,year,month,average_trip_duration,average_trip_distance,total_miles,total_trips
Bronx,2016,3,15.734918422139613,3.5390974803800086,34272.62,9684.0
Brooklyn,2016,3,16.30726304920431,3.4095434750393183,713238.99,209189.0
EWR,2016,3,5.477231638418079,6.819966101694916,2011.89,295.0
Manhattan,2016,3,14.776248563422817,5.367767171718724,59382287.75,11062754.0
Queens,2016,3,35.413256222010126,18.40538408340063,12534986.83,681050.0
Staten Island,2016,3,16.673260381593714,3.498232323232323,2077.95,594.0
Unknown,2016,3,18.277441437915268,2.9442211324273453,511508.37,173733.0
