pickup_borough,year,month,average_trip_duration,average_trip_distance,total_miles,total_trips
Bronx,2021,6,719.590035342262,141.1934916294643,1234453.905,4480.5
Brooklyn,2021,6,27.472925934730192,93.86031480286616,2763904.69,29447.0
EWR,2021,6,9.530303030303031,3.2052272727272726,141.03,44.0
Manhattan,2021,6,145.1990266159991,2.3551632834369554,870475.7254545455,232817.18181818182
Queens,2021,6,60.72527980221015,17.93925225493705,1146531.5399999998,43312.5
Staten Island,2021,6,56.30658082975679,28.659656652360518,6677.7,233.0
Unknown,2021,6,28.08007138647809,9.504496142719384,236547.9,24888.0
