pickup_borough,year,month,average_trip_duration,average_trip_distance,total_miles,total_trips
Bronx,2023,6,31.10124843945069,10.783905118601748,43189.54,4005.0
Brooklyn,2023,6,26.25896942715537,11.383418482019364,263366.77,23136.0
EWR,2023,6,16.96390977443609,7.812631578947368,1039.08,133.0
Manhattan,2023,6,449.17108723495875,4.050489271960435,1927104.736,574713.8
Queens,2023,6,245.0014763562438,14.363427846327056,1093109.2750000001,81855.25
Staten Island,2023,6,51.20637681159421,17.632652173913044,4055.51,230.0
Unknown,2023,6,19.16841185892268,4.105213325163662,127298.56,31009.0
