pickup_borough,year,month,average_trip_duration,average_trip_distance,total_miles,total_trips
Bronx,2022,10,28.339277494245973,6.571167817472231,21888.56,3331.0
Brooklyn,2022,10,24.72622001330568,40.360363166751455,1031328.36,25553.0
EWR,2022,10,4.393246592317224,3.999665427509294,1075.91,269.0
Manhattan,2022,10,20.674697140013496,4.692758600389668,4208002.7625,803102.75
Queens,2022,10,462.9177288400888,13.103089842385629,845193.0900000001,63791.2
Staten Island,2022,10,41.12638888888889,14.51328431372549,2960.71,204.0
Unknown,2022,10,16.66934326011681,6.624510612173301,298337.535,25655.0
