pickup_borough,year,month,average_trip_duration,average_trip_distance,total_miles,total_trips
Bronx,2017,9,16.279352285202517,3.932532501300052,22686.78,5769.0
Brooklyn,2017,9,15.524806320960879,3.8711131375867414,140123.46,40576.0
EWR,2017,9,6.896610169491525,7.080254237288136,1670.94,236.0
Manhattan,2017,9,21.13057820887843,2.229521772554271,3244436.0383333336,1346025.5
Queens,2017,9,29.290579346912736,11.143993899278296,1641995.7375,142836.25
Staten Island,2017,9,33.450208333333336,7.001875,560.15,80.0
Unknown,2017,9,11.14631180801851,2.136855638137656,111321.07666666666,36373.0
