pickup_borough,year,month,average_trip_duration,average_trip_distance,total_miles,total_trips
Bronx,2020,12,22.399509043927647,29.274485553206485,415404.95,14190.0
Brooklyn,2020,12,24.470890937019966,56.06592463207968,1508621.9,26908.0
EWR,2020,12,4.357142857142857,2.7478571428571428,38.47,14.0
Manhattan,2020,12,47.720793050795024,2.8310995433342443,529968.5157142857,189081.7142857143
Queens,2020,12,138.03779213377285,22.494393312289066,1040390.3466666667,19854.333333333332
Staten Island,2020,12,45.317056277056274,26.48135064935065,10195.32,385.0
Unknown,2020,12,27.94714365920415,5.517182258404099,78614.33,14249.0
