pickup_borough,year,month,average_trip_duration,average_trip_distance,total_miles,total_trips
Bronx,2021,4,26.017393831635093,212.22965191821103,3103434.2,14623.0
Brooklyn,2021,4,27.74542535954027,79.72857582802452,2640690.16,33121.0
EWR,2021,4,21.464285714285715,10.06095238095238,211.28,21.0
Manhattan,2021,4,89.3500799394867,3.3189628394381656,1194746.17,325344.6666666667
Queens,2021,4,25.612484316462854,15.853781565879691,740987.51,28296.25
Staten Island,2021,4,51.943885281385285,25.94272727272727,7990.36,308.0
Unknown,2021,4,26.796048606024044,5.767564527944154,133847.87,23207.0
