pickup_borough,year,month,average_trip_duration,average_trip_distance,total_miles,total_trips
Bronx,2023,4,31.42727272727273,10.937546936758894,44275.19,4048.0
Brooklyn,2023,4,25.24736105436773,15.031295564937126,331124.41,22029.0
EWR,2023,4,5.291008771929825,3.7305263157894735,283.52,76.0
Manhattan,2023,4,263.970206284012,5.527741261415608,1260560.722857143,410803.71428571426
Queens,2023,4,221.1251943400676,13.34770510442462,828328.6880000001,62755.2
Staten Island,2023,4,37.05108843537415,14.105183673469387,3455.77,245.0
Unknown,2023,4,18.06339731585518,3.859472846441947,123657.51,32040.0
