pickup_borough,year,month,average_trip_duration,average_trip_distance,total_miles,total_trips
Bronx,2018,11,28.92783389450056,7.098765920070267,96983.34,13662.0
Brooklyn,2018,11,16.91531825118199,4.432148731582131,91475.062,20454.2
EWR,2018,11,10.24330422125182,5.96296943231441,1365.52,229.0
Manhattan,2018,11,73.31923948955266,2.5658820343444253,2853210.3266666667,1221044.8333333333
Queens,2018,11,113.88402054034118,14.137834957253645,1173833.95,102121.8
Staten Island,2018,11,39.10730897009967,14.492724252491696,4362.31,301.0
Unknown,2018,11,20.28189397937419,5.418183436525214,130671.94666666667,47163.333333333336
