pickup_borough,year,month,average_trip_duration,average_trip_distance,total_miles,total_trips
Bronx,2014,2,15.190531567061043,3.606874304783092,35668.38,9889.0
Brooklyn,2014,2,13.779320095805446,3.502499703327479,1180594.58,337072.0
EWR,2014,2,10.53234908136483,6.074330708661417,1542.88,254.0
Manhattan,2014,2,12.20041922431853,2.4777095657206227,29567273.86,11933309.0
Queens,2014,2,27.72530995587596,9.737391845596918,5013899.91,514912.0
Staten Island,2014,2,14.570058997050149,5.131769911504425,579.89,113.0
Unknown,2014,2,12.692553305791783,2.7726605351799423,516111.35,186143.0
