pickup_borough,year,month,average_trip_duration,average_trip_distance,total_miles,total_trips
Bronx,2020,2,24.30684814244136,6.881800719054956,66994.33,9735.0
Brooklyn,2020,2,12.975465369495003,3.5231079772392966,114824.8,21228.333333333332
EWR,2020,2,10.367690875232777,3.3659776536312846,602.51,179.0
Manhattan,2020,2,83.52143720146533,2.2899614823347245,1666664.605,720360.75
Queens,2020,2,72.15533935919241,8.914558380424644,835567.4400000001,72910.8
Staten Island,2020,2,47.09632034632035,19.80095238095238,4574.02,231.0
Unknown,2020,2,13.389642793395804,2.367480589022758,58175.14,18677.0
