pickup_borough,year,month,average_trip_duration,average_trip_distance,total_miles,total_trips
Bronx,2023,1,30.52552943667937,7.002547649301143,22044.02,3148.0
Brooklyn,2023,1,24.2271027843479,6.387370222830823,102619.49,16066.0
EWR,2023,1,3.427579365079365,3.901904761904762,326.93,42.5
Manhattan,2023,1,12.062849278268049,2.510336754033245,2610153.6566666667,895322.6666666666
Queens,2023,1,202.76062046389822,11.378944878896492,706316.8200000001,55244.0
Staten Island,2023,1,40.94419475655431,14.504344569288389,3872.66,267.0
Unknown,2023,1,14.605961672979152,5.09924851571297,153735.86000000002,19538.5
