pickup_borough,year,month,average_trip_duration,average_trip_distance,total_miles,total_trips
Bronx,2018,12,22.994035937434475,6.555785947917977,59076.405,7949.5
Brooklyn,2018,12,81.82081064963856,4.21167438298245,250072.995,53984.0
EWR,2018,12,13.419586894586894,5.6127777777777785,1313.39,234.0
Manhattan,2018,12,96.73399906278154,3.2828569729540504,1737918.656,737350.0
Queens,2018,12,129.68479920186863,10.875696480479574,681467.7575000001,60385.625
Staten Island,2018,12,39.44891304347826,12.74233695652174,4689.18,368.0
Unknown,2018,12,12.634602766050115,2.4657068332687677,207235.39500000002,76150.0
