pickup_borough,year,month,average_trip_duration,average_trip_distance,total_miles,total_trips
Bronx,2017,5,16.159168603856145,3.6829946670313145,26933.74,7313.0
Brooklyn,2017,5,17.378003250461788,3.417492901853024,523590.67,153209.0
EWR,2017,5,23.97303240740741,5.359826388888889,1543.63,288.0
Manhattan,2017,5,15.61085264599207,2.420617784511101,22022061.68,9097703.0
Queens,2017,5,40.335206095923446,11.30719943681802,7227844.56,639225.0
Staten Island,2017,5,13.52212389380531,5.815663716814159,657.17,113.0
Unknown,2017,5,16.447778993752628,2.982632448651234,411537.66,137978.0
