pickup_borough,year,month,average_trip_duration,average_trip_distance,total_miles,total_trips
Bronx,2023,2,29.815801886792453,8.782270440251573,27927.62,3180.0
Brooklyn,2023,2,25.442864164158014,17.981241629292867,292680.67,16277.0
EWR,2023,2,28.876328502415458,5.170869565217392,356.79,69.0
Manhattan,2023,2,142.48670638455815,2.321957389172784,1505711.692,515643.4
Queens,2023,2,95.97061061757614,12.234784753241774,785635.5125,59999.25
Staten Island,2023,2,46.46247863247864,45.01010256410256,8776.97,195.0
Unknown,2023,2,18.584500183224364,7.759345021119019,268209.52,34566.0
