pickup_borough,year,month,average_trip_duration,average_trip_distance,total_miles,total_trips
Bronx,2019,11,26.40908352347369,6.6780294544700265,64389.56,9642.0
Brooklyn,2019,11,81.7821815121997,3.2787266483968245,51486.67333333333,11826.333333333334
EWR,2019,11,3.0976372924648787,4.717164750957855,1231.18,261.0
Manhattan,2019,11,172.88576120325686,2.893581627217736,1226623.1066666667,520169.1666666667
Queens,2019,11,183.8979977830238,9.87518393590904,551693.7033333335,48221.444444444445
Staten Island,2019,11,41.97119422572178,17.301732283464567,4394.64,254.0
Unknown,2019,11,20.649814150606712,3.9499458779443257,36193.14750000001,11675.75
