pickup_borough,year,month,average_trip_duration,average_trip_distance,total_miles,total_trips
Bronx,2016,2,15.804948573258091,3.5589662624564773,29642.63,8329.0
Brooklyn,2016,2,15.784700815466866,3.3240150672355133,615507.87,185170.0
EWR,2016,2,2.1137614678899084,7.541926605504588,1644.14,218.0
Manhattan,2016,2,15.855048809367483,3.48827364496918,36127910.61,10356960.0
Queens,2016,2,39.68327245027555,11.96254063141532,7079969.86,591845.0
Staten Island,2016,2,14.10159722222222,3.612895833333333,1734.19,480.0
Unknown,2016,2,14.732349209726385,2.854421080004492,482976.61,169203.0
