pickup_borough,year,month,average_trip_duration,average_trip_distance,total_miles,total_trips
Bronx,2021,12,30.229017206182565,466.8799868766404,2134575.3,4572.0
Brooklyn,2021,12,25.37972905970603,128.1314231562785,2670386.99,20841.0
EWR,2021,12,5.382365591397849,3.595870967741936,557.36,155.0
Manhattan,2021,12,97.25919218302846,2.6441050992885717,2137917.151666667,478024.8333333333
Queens,2021,12,172.94358176924518,15.289734618563164,852625.2916666669,41592.5
Staten Island,2021,12,50.35134680134681,317.79696969696965,62923.8,198.0
Unknown,2021,12,25.24868172968542,6.321441438671995,205636.49,32530.0
