pickup_borough,year,month,average_trip_duration,average_trip_distance,total_miles,total_trips
Bronx,2018,10,21.348085890202746,4.855678568668367,46396.365,6470.0
Brooklyn,2018,10,16.761926652310983,4.295111024320216,130467.14,29608.0
EWR,2018,10,11.293395061728395,5.329666666666666,1439.01,270.0
Manhattan,2018,10,192.03305661081865,3.1100906765659286,1723431.3054545454,721778.7272727273
Queens,2018,10,53.835596578512295,11.40241082001467,1300052.796,111226.0
Staten Island,2018,10,40.48594674556213,13.439289940828404,4542.4800000000005,338.0
Unknown,2018,10,17.364529571754616,3.905275975091329,193068.8,68571.5
