pickup_borough,year,month,average_trip_duration,average_trip_distance,total_miles,total_trips
Bronx,2014,10,13.97609278975158,3.653547130615424,28139.62,7702.0
Brooklyn,2014,10,15.547763381625,7.677804768316524,2372103.85,308956.0
EWR,2014,10,3.299566294919455,5.093605947955391,1370.18,269.0
Manhattan,2014,10,13.747908208031443,13.460123022830814,174315632.79,12950523.0
Queens,2014,10,31.97570131537937,27.32087844372821,20395090.4,746502.0
Staten Island,2014,10,24.156973995271866,5.299148936170212,747.18,141.0
Unknown,2014,10,14.133042581909622,2.9276120479254493,633347.88,216336.0
