pickup_borough,year,month,average_trip_duration,average_trip_distance,total_miles,total_trips
Bronx,2012,6,13.568157964054867,3.4602826575892043,56925.11,16451.0
Brooklyn,2012,6,14.71285673256932,3.8572596944906303,1338573.26,347027.0
EWR,2012,6,6.779766081871345,4.450315789473684,1268.34,285.0
Manhattan,2012,6,12.100564391844674,2.529191234390013,34182591.13,13515226.0
Queens,2012,6,27.13565064605416,9.858815878664634,7213932.19,731724.0
Staten Island,2012,6,13.052768361581922,3.5222485875706213,3117.19,885.0
Unknown,2012,6,12.880625253618287,2.8929251943106267,1112144.59,384436.0
