pickup_borough,year,month,average_trip_duration,average_trip_distance,total_miles,total_trips
Bronx,2020,10,23.12024480747916,31.4297961544022,434799.8,13834.0
Brooklyn,2020,10,25.03217329946373,18.89746113463167,557947.54,29525.0
EWR,2020,10,7.51,8.686666666666667,130.3,15.0
Manhattan,2020,10,370.65435534948347,2.9292767131648176,760700.5599999999,305091.6
Queens,2020,10,77.79723582651069,13.133785595550652,244701.42,16093.5
Staten Island,2020,10,49.16509625126647,26.766382978723403,8806.14,329.0
Unknown,2020,10,29.237404572940285,5.673031179138322,100072.27,17640.0
