pickup_borough,year,month,average_trip_duration,average_trip_distance,total_miles,total_trips
Bronx,2022,12,14.69273097826087,3.5282336956521743,12689.58,1840.5
Brooklyn,2022,12,25.648515637278017,13.165134842055634,279232.51,21210.0
EWR,2022,12,9.026731078904993,2.7856038647342998,576.62,207.0
Manhattan,2022,12,28.668431796177753,3.079846454846871,3735118.706666667,987204.3333333334
Queens,2022,12,32.63161322137468,12.702917270670252,2001689.615,150042.5
Staten Island,2022,12,44.18043478260869,14.13144927536232,3900.28,276.0
Unknown,2022,12,15.976702664222056,5.8408731086172505,226122.935,24817.0
