pickup_borough,year,month,average_trip_duration,average_trip_distance,total_miles,total_trips
Bronx,2018,4,23.311101551956813,5.256573886639676,51934.95,9880.0
Brooklyn,2018,4,16.44624744374094,4.7307338991281656,143223.29333333333,39014.333333333336
EWR,2018,4,14.7760101010101,7.41949494949495,1469.06,198.0
Manhattan,2018,4,34.69663406042326,3.2447831796948363,1791338.6809090907,763474.6363636364
Queens,2018,4,154.66649303942305,10.310939114988741,1120418.4616666667,97200.5
Staten Island,2018,4,41.07890070921986,11.232872340425534,1055.89,94.0
Unknown,2018,4,11.73981596938556,2.0756117393568485,132885.08,46515.333333333336
