pickup_borough,year,month,average_trip_duration,average_trip_distance,total_miles,total_trips
Bronx,2022,4,28.31585131165805,96.13286842904893,316373.27,3291.0
Brooklyn,2022,4,24.610075301577865,44.63418332466374,1201284.41,26914.0
EWR,2022,4,9.140200286123031,3.854678111587983,898.14,233.0
Manhattan,2022,4,385.14704271839685,2.4184620940323334,2871409.054,640213.4
Queens,2022,4,43.833780219734834,15.719360538356424,1050047.6124999998,70626.5
Staten Island,2022,4,54.321875,15.516354166666666,2979.14,192.0
Unknown,2022,4,24.291432453776828,6.303440490569543,271375.72,43052.0
