pickup_borough,year,month,average_trip_duration,average_trip_distance,total_miles,total_trips
Bronx,2018,2,16.787570335358993,3.733208980418636,22115.53,5924.0
Brooklyn,2018,2,17.029090243340796,3.8844812607773624,77630.3725,23345.0
EWR,2018,2,6.353271983640082,4.687484662576687,764.0600000000001,163.0
Manhattan,2018,2,79.56707730594978,3.1586572614751405,1754784.816,773935.0
Queens,2018,2,177.99134474506707,9.642042023833756,1325257.6724999999,118292.25
Staten Island,2018,2,14.208227848101266,5.782405063291139,456.81,79.0
Unknown,2018,2,14.935572414581369,2.6535400057668777,340499.6,128319.0
